{
  "swagger": "2.0",
  "info": {
    "description": "This is RESTful API for binar challenge chapter 8 \n",
    "version": "1.0.0",
    "title": "Challenge 8",
    "contact": {
      "email": "raissanaila68.94@gmail.com"
    },
    "license": {
      "name": "Apache 2.0",
      "url": "https://github.com/raissathahira"
    }
  },
  "host": "virtserver.swaggerhub.com",
  "basePath": "/raissathahira/Challenge-8-API/1.0.0",
  "tags": [
    {
      "name": "admins",
      "description": "Secured Admin-only calls"
    },
    {
      "name": "developers",
      "description": "Operations available to regular developers"
    },
    {
      "name": "players",
      "description": "Create, update, delete and show player data"
    }
  ],
  "schemes": [
    "https",
    "http"
  ],
  "paths": {
    "/players": {},
    "/players/{id}": {
      "get": {
        "tags": [
          "player"
        ],
        "summary": "Find player by id",
        "description": "",
        "operationId": "findById",
        "produces": [
          "application/json"
        ],
        "parameters": [
          {
            "name": "id",
            "in": "path",
            "description": "",
            "required": true,
            "type": "integer"
          }
        ],
        "responses": {
          "200": {
            "description": "SUCCESS,"
          },
          "500": {
            "description": "Error retrieving Player with id  = ${id}"
          }
        }
      },
      "delete": {
        "tags": [
          "player"
        ],
        "summary": "Deletes player by id",
        "operationId": "delete",
        "produces": [
          "application/json"
        ],
        "parameters": [
          {
            "name": "id",
            "in": "path",
            "required": true,
            "type": "integer"
          }
        ],
        "responses": {
          "400": {
            "description": "FAILED, Cannot delete Player with id= ${id}. Maybe Player was not found!"
          },
          "500": {
            "description": "Could not delete Player with id = ${id}"
          }
        }
      }
    },
    "definitions": {}
  },
  "definitions": {}
}